<?xml version="1.0" encoding="UTF-8" ?>
<Module>
    <ModulePrefs title="Network Gauge"
                description="The Metric Gauge gadget allows you to display port-level network performance metrics in a convenient visual gauge format."
                thumbnail="networkGauge.Thumbnail.png">
        <Require feature="dynamic-height" />
    </ModulePrefs>
    <gadget_version>
        1.2
    </gadget_version>
    <grid_info>
        <supported_versions>
            7.3,7.4,7.5,7.6
        </supported_versions>
        <supported_platforms>
            windows,linux
        </supported_platforms>
        <requires_agent_scripts>
            false
        </requires_agent_scripts>
        <upgrade_in_place>
            true
        </upgrade_in_place>
    </grid_info>
    <Content type="html">
    <![CDATA[ 
    <!DOCTYPE html>
    <html>
    <head>
        <title>Network Gauge Gadget</title>
        <meta charset="utf-8">
        <meta name="viewport" content="width=device-width, initial-scale=1.0">
        <meta name="description" content="Network Gauge Gadget">
        <meta name="author" content="Lubomyr Salamakha, uptime Solutions Architect">
        <link rel="stylesheet" type="text/css" href="__UPTIME_GADGET_BASE__/deltas/bootstrap/dist/css/bootstrap.css">
        <link rel="stylesheet" type="text/css" href="__UPTIME_GADGET_BASE__/deltas/chosen/chosen.css">
        <link rel="stylesheet" type="text/css" href="__UPTIME_GADGET_BASE__/deltas/bootstrap/dist/css/bootstrap-theme.css">
        <link rel="stylesheet" type="text/css" href="__UPTIME_GADGET_BASE__/deltas/jquery/themes/custom/jquery-ui-1.10.3.custom.css">
        <!-- HTML5 shim and Respond.js IE8 support of HTML5 elements and media queries -->
        <!--[if lt IE 9]>
        <script src="__UPTIME_GADGET_BASE__/deltas/bootstrap/assets/js/html5shiv.js"></script>
        <script src="__UPTIME_GADGET_BASE__/deltas/bootstrap/assets/js/respond.min.js"></script>
        <![endif]-->
    </head>
    <body>
    <div class="container" style="max-width: 99%">
        <div class="row">
            <div style="width: 350px; margin-top: 12px; margin-left: 12px" class="panel panel-default" id="widgetSettings">
                <div class="panel-body" id="widgetBody">
                    <div id="object-div">
                        <div id="device-div" data-content="Device: Which network device's metrics would you would like to visualize in the chart?" data-placement="right" data-trigger="hover">
                            <select class="devices pull-left" id="devices" data-placeholder="Device" tabindex="4" data-size="12" style="width: 280px">
                                <option value=""></option>
                            </select>
                            <span class="badge pull-right" id="device-count" style="margin-top: 2px"></span>
                        </div>
                        <div id="port-div" style="margin-top: 12px" data-content="Port: Which port's metrics would you would like to visualize in the chart?" data-placement="right" data-trigger="hover">
                            <select class="ports pull-left" id="ports" data-placeholder="Port" tabindex="5" data-size="12" style="width: 280px">
                                <option value=""></option>
                            </select>
                            <span class="badge pull-right" id="port-count" style="margin-top: 2px"></span>
                        </div>
                        
                        <div class="input-group" style="margin-top: 12px">
                            <input type="text" id="inbound-max" placeholder="In Max" class="form-control">
                            <span id="inbound-max-addon"  class="input-group-addon">Mbps</span>
                            <input type="text" id="outbound-max" placeholder="Out Max" class="form-control" style="margin-left: 8px">
                            <span id="outbound-max-addon"  class="input-group-addon">Mbps</span>
                        </div>

                        <div hidden id="metric-div" style="margin-top: 12px" data-content="metric: Select the metric which you would like to visualize in the chart" data-placement="right" data-trigger="hover">
                            <select class="metrics" id="metrics" data-placeholder="Metric" tabindex="5" data-size="12" style="width: 175px">
                                <option value=""></option>
                            </select>
                        </div>
                    </div>
                    <div id="options-div" style="margin-top: 12px">
                        <div id="refresh-interval-div" class="pull-left" style="margin-top: 5px; width: 123px">
                            <div class="pull-left">
                                <span class="glyphicon glyphicon-refresh" id="refreshIntervalIcon" style="margin-top: 8px"></span>
                            </div>
                            <div id="refreshIntervalSliderAndLabel" class="pull-right" style="width: 100px" data-content="Refresh Rate: How frequently should the chart be updated with new data?" data-placement="bottom" data-trigger="hover">
                                <div id="refreshIntervalSlider"></div>
                                <div id="refreshIntervalLabel" style="margin-top: 5px; text-align: center">
                                    <span class="label label-info" id="refreshIntervalLabelContents">Every 5 minutes</span>
                                </div>
                            </div>
                        </div>
                        <div id="thresholds-div" class="pull-right" style="margin-top: 5px; width: 180px">
                            <div class="pull-left">
                                <span class="glyphicon glyphicon-dashboard" id="visualOptionsIcon" style="margin-top: 8px"></span>
                            </div>
                            <div id="thresholdSlidersAndLabels" class="pull-right" style="width: 162px" data-content="Thresholds: Adjust the 'warning' and 'critical' threshold levels" data-placement="bottom" data-trigger="hover">
                                <div id="thresholdSlider"></div>
                                <div id="thresholdLabels" style="margin-top: 5px; text-align: center">
                                    <span class="label label-warning" id="warningThreshold">Warning: 75</span>
                                    <span class="label label-danger" id="criticalThreshold">Critical: 90</span>
                                </div>
                            </div>
                        </div>
                    </div>
                </div>
                <div class="panel-footer" id="buttonDiv">
                    <div class="pull-left">
                        <button type="button" class="close" id="closeNoSave" aria-hidden="true">&times;</button>
                    </div>
                    <div class="pull-right">
                        <button type="button" data-loading-text="Loading..." class="btn btn-success btn-xs" id="closeSettings">
                            <strong>Save</strong>
                        </button>
                    </div>
                    <div hidden id="loading-div" style="float: left; margin-left: 75px">
                        <img src="__UPTIME_HTTP_BASE__/images/InProgress.gif" alt="Loading...">
                    </div>
                    <br>
                </div>
            </div>
        </div>
        <div class="row" id="chart-div">
            <div class="modal fade" id="alertModal" tabindex="-1" role="dialog" aria-labelledby="alertModal" aria-hidden="true">
                <div class="modal-dialog">
                    <div class="modal-content">
                        <div class="modal-header">
                            <button type="button" class="close" data-dismiss="modal" aria-hidden="true">&#215;</button>
                            <h4 class="modal-title"> Whoops...</h4>
                        </div>
                        <div class="modal-body" id="alertModalBody" style="word-wrap: break-word"></div>
                    </div>
                </div>
            </div>
            <div id="widgetChart" align="center">
                <div id="topChart" style="margin-top: -12px"></div>
                <div hidden id="chartStats" class="well" style="width: 290px; margin: 0; padding-top: 0px; padding-bottom: 3px; padding-left: 2px; padding-right: 2px">
                    <div id="chartStatHeaders" class="pull-left" style="position: absolute">
                        <span class="label label-primary pull-left" style="margin-top: 2px">
                            <div style="height: 15px; margin-top: 0px" align="left">
                                <span class="glyphicon glyphicon-arrow-right" id="inboundMetricsIcon"></span>
                                <span id="inboundMetricsLabel">&nbsp; INBOUND</span>
                            </div>
                            <div style="height: 15px; margin-top: 4px" align="left">
                                <span class="glyphicon glyphicon-arrow-left" id="outboundMetricsIcon"></span>
                                <span id="outboundMetricsLabel">&nbsp; OUTBOUND</span>
                            </div>
                            <div style="height: 16px; margin-top: 4px" align="left">
                                <span class="glyphicon glyphicon-transfer" id="totalMetricsIcon"></span>
                                <span id="totalMetricsLabel">&nbsp; COMBINED</span>
                            </div>
                        </span>
                    </div>
                    <div id="chartStatMetrics class="pull-right"">
                        <div id="inboundMetricsContent" align="right"></div>
                        <div id="outboundMetricsContent" align="right"></div>
                        <div id="totalMetricsContent" align="right"></div>
                    </div>
                </div>
                <div id="bottomChart"></div>
            </div>
            <div id="statusBar"></div>
        </div>
    </div>

    <script src="__UPTIME_GADGET_BASE__/deltas/jquery/jquery-2.0.3.min.js" type="text/javascript" ></script>
    <script src="__UPTIME_GADGET_BASE__/deltas/jquery/ui/minified/jquery-ui.min.js" type="text/javascript"></script>
    <script src="__UPTIME_GADGET_BASE__/deltas/bootstrap/dist/js/bootstrap.js"></script>
    <script src="__UPTIME_GADGET_BASE__/deltas/chosen/chosen.jquery.js" type="text/javascript"></script>
    <script src="__UPTIME_GADGET_BASE__/deltas/chosen/docsupport/prism.js" type="text/javascript" charset="utf-8"></script>
    <script src="__UPTIME_GADGET_BASE__/deltas/highcharts/js/highcharts.js" type="text/javascript" ></script>
    <script src="__UPTIME_GADGET_BASE__/deltas/highcharts/js/highcharts-more.js" type="text/javascript" ></script>
    <script id="ownScript" src="__UPTIME_GADGET_BASE__/networkGauge.js?v12" type="text/javascript" charset="utf-8"></script>
    </body>
    </html>
    ]]>

    </Content>
</Module>
